album_order,disc_number,disc_track_number,track_name,edition,bonus_track,gema,iswc,working_title,first_release,duration,bpm,key,live_debut,last_performed,live_count,source_url,duration_sec,retrieved_at,lastfm_name,lastfm_listeners,lastfm_playcount,lastfm_mbid,lastfm_url,scrobbles_per_listener,lastfm_retrieved_at,spotify_name,spotify_streams,spotify_daily_streams,spotify_retrieved_at
1,1,1,Rammlied,Standard,False,11007901-001,T-802.757.570-9,Ramm-Mix,2009-10-16,05:19,105,D minor,2009-10-27,2023-08-05,148.0,https://ramm.wiki/Rammlied_(song),319,2026-09-19,Rammlied,270944,2637181,12dddd48-3318-4b38-9901-3d6f7a44ef91,https://www.last.fm/music/Rammstein/_/Rammlied,9.73,2026-09-19,Rammlied,75208799,16645.0,2026-09-19
2,1,2,Ich tu dir weh,Standard,False,11007905-001,T-802.757.571-0,Legion,2009-10-16,05:02,110,D minor,2009-10-27,2017-07-13,178.0,https://ramm.wiki/Ich_tu_dir_weh_(song),302,2026-09-19,Ich tu dir weh,347731,3771383,05d9b2bb-cc6d-4a8c-be94-87ce3b20ea46,https://www.last.fm/music/Rammstein/_/Ich+tu+dir+weh,10.85,2026-09-19,Ich tu dir weh,140581885,31132.0,2026-09-19
3,1,3,Waidmanns Heil,Standard,False,11007906-001,T-802.757.572-1,Waidmann,2009-10-16,03:33,105,D minor,2009-10-27,2011-05-31,117.0,https://ramm.wiki/Waidmanns_Heil_(song),213,2026-09-19,Waidmanns Heil,317595,3396486,12683f56-b748-3c29-9d06-758d3aef29b1,https://www.last.fm/music/Rammstein/_/Waidmanns+Heil,10.69,2026-09-19,Waidmanns Heil,120653465,25152.0,2026-09-19
4,1,4,Haifisch,Standard,False,11007907-001,T-802.757.573-2,,2009-10-16,03:45,135,E minor,2009-10-27,2012-05-25,181.0,https://ramm.wiki/Haifisch_(song),225,2026-09-19,Haifisch,318203,3387590,0a354b1f-5505-4a60-8b35-00180d9e633f,https://www.last.fm/music/Rammstein/_/Haifisch,10.65,2026-09-19,Haifisch,102998020,19492.0,2026-09-19
5,1,5,B********,Standard,False,11007908-001,T-802.757.574-3,Bückstabü,2009-10-16,04:13,94,D,2009-10-27,2011-05-31,110.0,https://ramm.wiki/B********_(song),253,2026-09-19,B********,189481,1609959,0acf69f8-ecbf-386f-a3b2-09b37d64f031,https://www.last.fm/music/Rammstein/_/B%2A%2A%2A%2A%2A%2A%2A%2A,8.5,2026-09-19,B********,23407374,5163.0,2026-09-19
6,1,6,Frühling in Paris,Standard,False,11007909-001,T-802.757.575-4,"Paris, oh non!",2009-10-16,04:45,64,F-sharp minor,2009-10-27,2017-07-13,116.0,https://ramm.wiki/Fr%C3%BChling_in_Paris_(song),285,2026-09-19,Frühling in Paris,175592,1703375,0286f63f-1409-495a-809f-689feb6c79d1,https://www.last.fm/music/Rammstein/_/Fr%C3%BChling+in+Paris,9.7,2026-09-19,Frühling in Paris,34726953,8119.0,2026-09-19
7,1,7,Wiener Blut,Standard,False,11007910-001,T-802.757.576-5,Seid bereit,2009-10-16,03:52,110,E minor,2009-10-27,2024-07-31,180.0,https://ramm.wiki/Wiener_Blut_(song),232,2026-09-19,Wiener Blut,204105,1751061,1a6e5ecf-8fa0-3612-bb1d-7475f8e1761e,https://www.last.fm/music/Rammstein/_/Wiener+Blut,8.58,2026-09-19,Wiener Blut,25501330,3651.0,2026-09-19
8,1,8,Pussy,Standard,False,11007911-001,T-802.757.577-6,P****,2009-10-16,03:59,135,D minor,2009-10-27,2024-07-31,336.0,https://ramm.wiki/Pussy_(song),239,2026-09-19,Pussy,380274,4310783,0287cb38-0023-411b-a379-cc3fd053dde1,https://www.last.fm/music/Rammstein/_/Pussy,11.34,2026-09-19,Pussy,106049284,18121.0,2026-09-19
9,1,9,Liebe ist für alle da,Standard,False,11007912-001,T-802.757.578-7,Augen zu,2009-10-16,03:28,180,D minor,2009-10-27,2010-03-04,53.0,https://ramm.wiki/Liebe_ist_f%C3%BCr_alle_da_(song),208,2026-09-19,Liebe ist für alle da,163478,1460791,0546fa91-c051-3f81-906f-1021ccadc9e5,https://www.last.fm/music/Rammstein/_/Liebe+ist+f%C3%BCr+alle+da,8.94,2026-09-19,Liebe ist für alle da,22550422,4336.0,2026-09-19
10,1,10,Mehr,Standard,False,11007913-001,T-802.757.580-1,,2009-10-16,04:11,100,D,,,,https://ramm.wiki/Mehr_(song),251,2026-09-19,Mehr,190766,1547598,03daf57d-c9cf-416f-9bb3-b53945b557cb,https://www.last.fm/music/Rammstein/_/Mehr,8.11,2026-09-19,Mehr,16799428,3555.0,2026-09-19
11,1,11,Roter Sand,Standard,False,11007918-001,T-802.757.585-6,,2009-10-16,03:59,56,E minor,,,,https://ramm.wiki/Roter_Sand_(song),239,2026-09-19,Roter Sand,186955,1434743,05ee9d70-b1a2-4ca0-a9c4-8217fefc2f82,https://www.last.fm/music/Rammstein/_/Roter+Sand,7.67,2026-09-19,Roter Sand,14750579,2864.0,2026-09-19
12,2,1,Führe mich,Special Edition,True,11007914-001,T-802.757.581-2,,2009-10-16,04:33,78,D minor,,,,https://ramm.wiki/F%C3%BChre_mich_(song),273,2026-09-19,Führe mich,124972,1041442,322f697b-8bc9-32e2-8cc9-853fe132f2eb,https://www.last.fm/music/Rammstein/_/F%C3%BChre+mich,8.33,2026-09-19,Führe mich,25564873,7933.0,2026-09-19
13,2,2,Donaukinder,Special Edition,True,11007915-001,T-802.757.582-3,Wo sind die Kinder,2009-10-16,05:17,60,D minor,,,,https://ramm.wiki/Donaukinder_(song),317,2026-09-19,Donaukinder,140357,1277753,0c5e1a0b-cc39-315a-b115-12499c91adcc,https://www.last.fm/music/Rammstein/_/Donaukinder,9.1,2026-09-19,Donaukinder,28411732,12297.0,2026-09-19
14,2,3,Halt,Special Edition,True,11007916-001,T-802.757.583-4,,2009-10-16,04:21,80,D minor,,,,https://ramm.wiki/Halt_(song),261,2026-09-19,Halt,116950,930026,32834533-7c7c-4131-9680-8369328a2f8b,https://www.last.fm/music/Rammstein/_/Halt,7.95,2026-09-19,Halt,16991194,3276.0,2026-09-19
15,2,4,Roter Sand (Orchester Version),Special Edition,True,11007918-002,T-802.757.586-7,,2009-10-16,04:07,56,E minor,,,,https://ramm.wiki/Roter_Sand_(song),247,2026-09-19,Roter Sand (Orchester version),31181,204127,0951da85-54ef-42f7-b98c-5b95cc8b1753,https://www.last.fm/music/Rammstein/_/Roter+Sand+(Orchester+version),6.55,2026-09-19,Roter Sand - Orchester Version,8122161,986.0,2026-09-19
16,2,5,Liese,Special Edition,True,11007917-001,T-802.757.584-5,,2009-10-16,03:55,56,E minor,,,,https://ramm.wiki/Liese_(song),235,2026-09-19,Liese,99025,630384,370326d5-8377-4473-b986-2cc65446e9b0,https://www.last.fm/music/Rammstein/_/Liese,6.37,2026-09-19,Liese,9587454,1421.0,2026-09-19
