artist,album,release_year,country,chart_name,peak_position,chart_group,reached_number_one,reached_top_10,reached_top_20,weeks_on_chart,first_chart_date,source_name,source_url,retrieved_at
Rammstein,Liebe ist für alle da,2009,Germany,German Albums Chart,1,No. 1,True,True,True,83,2009-10-30,Offizielle Deutsche Charts,https://www.offiziellecharts.de/charts/album-details-25087,2026-10-01
Rammstein,Liebe ist für alle da,2009,Austria,Austrian Albums Chart,1,No. 1,True,True,True,47,2009-10-30,Hung Medien,https://www.hitparade.ch/album/Rammstein/Liebe-ist-fuer-alle-da-118888,2026-10-01
Rammstein,Liebe ist für alle da,2009,Switzerland,Swiss Albums Chart,1,No. 1,True,True,True,37,2009-11-01,Hung Medien,https://www.hitparade.ch/album/Rammstein/Liebe-ist-fuer-alle-da-118888,2026-10-01
Rammstein,Liebe ist für alle da,2009,France,French Albums Chart,2,Top 5,False,True,True,21,,Hung Medien,https://www.hitparade.ch/album/Rammstein/Liebe-ist-fuer-alle-da-118888,2026-10-01
Rammstein,Liebe ist für alle da,2009,Netherlands,Dutch Albums Chart,1,No. 1,True,True,True,29,,Hung Medien,https://www.hitparade.ch/album/Rammstein/Liebe-ist-fuer-alle-da-118888,2026-10-01
Rammstein,Liebe ist für alle da,2009,Belgium,Belgian Albums Chart - Flanders,3,Top 5,False,True,True,50,,Hung Medien,https://www.hitparade.ch/album/Rammstein/Liebe-ist-fuer-alle-da-118888,2026-10-01
Rammstein,Liebe ist für alle da,2009,Belgium,Belgian Albums Chart - Wallonia,4,Top 5,False,True,True,25,,Hung Medien,https://www.hitparade.ch/album/Rammstein/Liebe-ist-fuer-alle-da-118888,2026-10-01
Rammstein,Liebe ist für alle da,2009,Sweden,Swedish Albums Chart,3,Top 5,False,True,True,13,,Hung Medien,https://www.hitparade.ch/album/Rammstein/Liebe-ist-fuer-alle-da-118888,2026-10-01
Rammstein,Liebe ist für alle da,2009,Finland,Finnish Albums Chart,1,No. 1,True,True,True,44,,Hung Medien,https://www.hitparade.ch/album/Rammstein/Liebe-ist-fuer-alle-da-118888,2026-10-01
Rammstein,Liebe ist für alle da,2009,Norway,Norwegian Albums Chart,4,Top 5,False,True,True,8,,Hung Medien,https://www.hitparade.ch/album/Rammstein/Liebe-ist-fuer-alle-da-118888,2026-10-01
Rammstein,Liebe ist für alle da,2009,Denmark,Danish Albums Chart,1,No. 1,True,True,True,17,,Hung Medien,https://www.hitparade.ch/album/Rammstein/Liebe-ist-fuer-alle-da-118888,2026-10-01
Rammstein,Liebe ist für alle da,2009,Italy,Italian Albums Chart,14,Top 20,False,False,True,6,,Hung Medien,https://www.hitparade.ch/album/Rammstein/Liebe-ist-fuer-alle-da-118888,2026-10-01
Rammstein,Liebe ist für alle da,2009,Spain,Spanish Albums Chart,5,Top 5,False,True,True,11,,Hung Medien,https://www.hitparade.ch/album/Rammstein/Liebe-ist-fuer-alle-da-118888,2026-10-01
Rammstein,Liebe ist für alle da,2009,Portugal,Portuguese Albums Chart,4,Top 5,False,True,True,5,,Hung Medien,https://www.hitparade.ch/album/Rammstein/Liebe-ist-fuer-alle-da-118888,2026-10-01
Rammstein,Liebe ist für alle da,2009,Australia,Australian Albums Chart,9,Top 10,False,True,True,2,,Hung Medien,https://www.hitparade.ch/album/Rammstein/Liebe-ist-fuer-alle-da-118888,2026-10-01
Rammstein,Liebe ist für alle da,2009,New Zealand,New Zealand Albums Chart,15,Top 20,False,False,True,4,,Hung Medien,https://www.hitparade.ch/album/Rammstein/Liebe-ist-fuer-alle-da-118888,2026-10-01
Rammstein,Liebe ist für alle da,2009,United Kingdom,UK Albums Chart,16,Top 20,False,False,True,3,2009-10-31,Official Charts Company,https://www.officialcharts.com/albums/rammstein-liebe-ist-fur-alle-da/,2026-10-01
Rammstein,Liebe ist für alle da,2009,United States,Billboard 200,13,Top 20,False,False,True,,,Billboard,https://en.wikipedia.org/wiki/Liebe_ist_f%C3%BCr_alle_da,2026-10-01
