artist,album,region,market_type,certification_body,certification,certification_level,certification_multiplier,certified_units,unit_basis,source_type,retrieved_at
Rammstein,Liebe ist für alle da,Austria,Country,IFPI Austria,Platinum,Platinum,1,20000.0,certification sales,consolidated certification records,2026-10-01
Rammstein,Liebe ist für alle da,Belgium,Country,BRMA,Gold,Gold,1,15000.0,certification sales,consolidated certification records,2026-10-01
Rammstein,Liebe ist für alle da,Denmark,Country,IFPI Danmark,Gold,Gold,1,15000.0,shipments,consolidated certification records,2026-10-01
Rammstein,Liebe ist für alle da,Finland,Country,Musiikkituottajat,Platinum,Platinum,1,24843.0,reported sales,consolidated certification records,2026-10-01
Rammstein,Liebe ist für alle da,France,Country,SNEP,Gold,Gold,1,50000.0,certification sales,consolidated certification records,2026-10-01
Rammstein,Liebe ist für alle da,Germany,Country,BVMI,7× Gold,Gold,7,700000.0,sales + streaming,consolidated certification records,2026-10-01
Rammstein,Liebe ist für alle da,Poland,Country,ZPAV,Gold,Gold,1,10000.0,certification sales,consolidated certification records,2026-10-01
Rammstein,Liebe ist für alle da,Romania,Country,UFPR,4× Platinum,Platinum,4,,,consolidated certification records,2026-10-01
Rammstein,Liebe ist für alle da,Russia,Country,NFPF,2× Platinum,Platinum,2,40000.0,certification sales,consolidated certification records,2026-10-01
Rammstein,Liebe ist für alle da,Sweden,Country,GLF,Gold,Gold,1,20000.0,sales + streaming,consolidated certification records,2026-10-01
Rammstein,Liebe ist für alle da,Switzerland,Country,IFPI Switzerland,Platinum,Platinum,1,30000.0,shipments,consolidated certification records,2026-10-01
Rammstein,Liebe ist für alle da,United Kingdom,Country,BPI,Silver,Silver,1,60000.0,sales + streaming,consolidated certification records,2026-10-01
Rammstein,Liebe ist für alle da,Europe,Regional,IFPI,Platinum,Platinum,1,1000000.0,certification sales,consolidated certification records,2026-10-01
